id,item_name,amount,transaction_type,description,created_at
1,Silver,276.0,deduct,Stock deducted from debit bill #20250630-5e852ea1-1,2025-08-04T19:36:24.576403
2,Silver,1060.05,deduct,Stock deducted from debit bill #20250801-d94423b8-1,2025-08-04T19:38:19.182794
3,Silver,1428.0,add,Stock added from credit bill #20250801-833af59e-1,2025-08-04T19:39:54.865426
4,Silver,212.0,deduct,Stock deducted from debit bill #20250803-f29c9f80-2,2025-08-04T20:39:46.561774
5,Silver,2871.0,deduct,Stock deducted from debit bill #20250804-2bbd31c9-3,2025-08-04T20:45:56.607853
6,Silver,1824.0,deduct,Stock deducted from debit bill #20250804-c3908771-4,2025-08-04T20:54:06.019163
7,Silver,354.0,deduct,Stock deducted from debit bill #20250804-a5275335-5,2025-08-04T20:58:56.563120
8,Silver,6373.0,deduct,Stock deducted from debit bill #20250804-ce8c8fd2-6,2025-08-04T21:03:04.160165
9,Silver,2799.0,deduct,Stock deducted from debit bill #20250804-9c5137c4-7,2025-08-04T21:12:31.156818
10,Silver,2587.0,deduct,Stock deducted from debit bill #20250804-5b82f107-8,2025-08-04T21:15:46.355535
11,Silver,1741.0,deduct,Stock deducted from debit bill #20250804-0b57d19d-9,2025-08-04T21:18:51.959938
12,Silver,46.0,add,Stock added from credit bill #20250804-d709352f-10,2025-08-04T21:22:18.563449
13,Silver,706.7,deduct,Stock deducted from debit bill #20250805-d37540c7-3,2025-08-05T19:07:03.087238
14,Silver,41.625,deduct,Stock deducted from debit bill #20250805-492d2a35-4,2025-08-05T19:08:35.491258
15,Silver,29.6,deduct,Stock deducted from debit bill #20250805-7fb3580c-6,2025-08-05T19:10:20.778011
16,Silver,3984.0,deduct,Stock deducted from debit bill #20250805-62ddd3b0-11,2025-08-05T19:25:01.709882
17,Silver,223.0,deduct,Stock deducted from debit bill #20250805-dbef82f1-12,2025-08-05T19:30:50.199887
18,Silver,857.0,deduct,Stock deducted from debit bill #20250805-e489ef47-13,2025-08-05T19:33:31.354515
19,Silver,2052.0,deduct,Stock deducted from debit bill #20250805-f78385ab-14,2025-08-05T19:38:17.831906
20,Silver,926.85,deduct,Stock deducted from debit bill #20250805-d63fc225-9,2025-08-05T19:40:19.899590
21,Silver,1061.0,add,Stock added from credit bill #20250805-26576cd1-16,2025-08-05T19:44:17.836404
22,Silver,0.0,deduct,Stock deducted from debit bill #20250805-bc30a6da-16,2025-08-05T19:45:54.207965
23,Silver,621.0,deduct,Stock deducted from debit bill #20250805-43319800-17,2025-08-05T19:48:50.398071
24,Silver,4357.0,deduct,Stock deducted from debit bill #20250805-769f3fde-18,2025-08-05T19:50:56.126118
25,Silver,121.0,deduct,Stock deducted from debit bill #20250805-8aa34b2e-19,2025-08-05T19:54:18.710054
26,Silver,17.0,add,Stock added from credit bill #20250805-0101acf0-20,2025-08-05T19:57:56.815459
27,Silver,200.0,add,Stock added from credit bill #20250803-0bdb3aca-21,2025-08-05T20:00:43.565009
28,Silver,1106.68,deduct,Stock deducted from debit bill #20250805-c032f005-21,2025-08-05T20:02:58.165788
29,Silver,58.275,deduct,Stock deducted from debit bill #20250805-0ddd0f81-21,2025-08-05T20:03:50.386037
30,Silver,0.0,deduct,Stock deducted from debit bill #20250805-8441fd2c-22,2025-08-05T20:09:29.658441
31,Silver,96.0,deduct,Stock deducted from debit bill #20250805-fca37d3d-23,2025-08-05T20:12:19.675122
32,Silver,580.0,deduct,Stock deducted from debit bill #20250805-82bd08a4-24,2025-08-06T05:15:26.366743
33,Silver,215.525,deduct,Stock deducted from debit bill #20250806-73b4f38a-12,2025-08-06T08:02:34.959091
34,Silver,94.35,deduct,Stock deducted from debit bill #20250731-69ee0e98-25,2025-08-06T10:07:34.810738
35,Silver,69.375,deduct,Stock deducted from debit bill #20250805-aa0c3e67-25,2025-08-06T10:08:44.963193
36,Silver,85.6,deduct,Stock deducted from debit bill #20250805-3b030732-25,2025-08-06T10:09:40.717163
37,Silver,316.35,deduct,Stock deducted from debit bill #20250806-1693f75f-10,2025-08-06T14:21:38.809314
38,Silver,21.275,deduct,Stock deducted from debit bill #20250806-020cee15-2,2025-08-06T14:43:51.174925
39,Silver,52.0,deduct,Stock deducted from debit bill #20250806-5edc6fd9-26,2025-08-06T14:51:58.394704
40,Silver,1287.0,deduct,Stock deducted from debit bill #20250806-5c477670-3,2025-08-06T17:00:54.312084
41,Silver,943.0,deduct,Stock deducted from debit bill #20250806-87f734d6-27,2025-08-06T17:06:56.989826
42,Silver,1786.0,deduct,Stock deducted from debit bill #20250802-f9d14eb4-28,2025-08-06T17:13:21.849799
43,Silver,1418.95,deduct,Stock deducted from debit bill #20250806-9f2e4daf-28,2025-08-06T17:14:10.165567
44,Silver,1886.0,add,Stock added from credit bill #20250806-1bc0c6b8-6,2025-08-06T17:17:00.802188
45,Silver,1210.0,deduct,Stock deducted from debit bill #20250716-e9ae0cf5-29,2025-08-06T19:29:25.146382
46,Silver,1248.0,add,Stock added from credit bill #20250717-dac3dbc8-29,2025-08-06T19:31:01.029274
47,Silver,228.475,deduct,Stock deducted from debit bill #20250719-6f157a1e-29,2025-08-06T19:32:09.047084
48,Silver,2771.0,add,Stock added from credit bill #20250801-b6a19d4b-29,2025-08-06T19:33:00.289878
49,Silver,27.75,deduct,Stock deducted from debit bill #20250801-012ff4dc-29,2025-08-06T19:34:11.039509
50,Silver,608.65,deduct,Stock deducted from debit bill #20250804-663738b9-29,2025-08-06T19:35:45.745826
51,Silver,2212.56,deduct,Stock deducted from debit bill #20250804-f9de4069-29,2025-08-06T19:38:39.006720
52,Silver,123.95,deduct,Stock deducted from debit bill #20250806-3be99b6a-29,2025-08-06T19:39:31.544799
53,Silver,302.475,deduct,Stock deducted from debit bill #20250326-65f614eb-30,2025-08-06T19:46:43.628830
54,Silver,190.55,deduct,Stock deducted from debit bill #20250327-d1bd88fa-30,2025-08-06T19:47:39.831926
55,Silver,76.775,deduct,Stock deducted from debit bill #20250327-b365cbb5-30,2025-08-06T19:48:30.373369
56,Silver,590.15,deduct,Stock deducted from debit bill #20250331-904d7ad6-30,2025-08-06T19:49:37.418268
57,Silver,535.575,deduct,Stock deducted from debit bill #20250403-a83a1d52-30,2025-08-06T19:50:42.358303
58,Silver,45.325,deduct,Stock deducted from debit bill #20250404-ca343827-30,2025-08-06T19:51:55.286322
59,Silver,1076.0,add,Stock added from credit bill #20250329-a6324452-30,2025-08-06T19:53:02.536919
60,Silver,122.1,deduct,Stock deducted from debit bill #20250430-2d613a8e-30,2025-08-06T19:57:48.102074
61,Silver,864.0,add,Stock added from credit bill #20250513-c4e3dd8d-30,2025-08-06T19:59:12.278853
62,Silver,475.45,deduct,Stock deducted from debit bill #20250604-098210e8-30,2025-08-06T20:00:25.768334
63,Silver,79.55,deduct,Stock deducted from debit bill #20250708-d263bbfa-30,2025-08-06T20:01:26.994142
64,Silver,184.075,deduct,Stock deducted from debit bill #20250805-fc193a95-30,2025-08-06T20:02:32.841562
65,Silver,710.4,deduct,Stock deducted from debit bill #20250621-47696a6a-31,2025-08-06T20:28:41.641044
66,Silver,3187.0,add,Stock added from credit bill #20250623-7ee141f8-31,2025-08-06T20:30:07.936416
67,Silver,622.525,deduct,Stock deducted from debit bill #20250625-8be1d037-31,2025-08-06T20:31:24.972732
68,Silver,741.0,add,Stock adjustment for bill update #20250621-47696a6a-31,2025-08-06T20:33:32.991889
69,Silver,741.12,deduct,Stock updated for bill #20250621-47696a6a-31,2025-08-06T20:33:33.006420
70,Silver,649.0,add,Stock adjustment for bill update #20250625-8be1d037-31,2025-08-06T20:34:25.132959
71,Silver,649.4449999999999,deduct,Stock updated for bill #20250625-8be1d037-31,2025-08-06T20:34:25.144318
72,Silver,741.12,add,Stock added due to bill deletion #20250621-47696a6a-31,2025-08-06T20:36:08.932960
73,Silver,649.4449999999999,add,Stock added due to bill deletion #20250625-8be1d037-31,2025-08-06T20:36:17.687894
74,Silver,710.4,deduct,Stock deducted from debit bill #20250621-8f2fda1b-31,2025-08-06T21:04:44.370959
75,Silver,622.525,deduct,Stock deducted from debit bill #20250625-2d97335b-31,2025-08-06T21:05:40.961589
76,Silver,3010.875,deduct,Stock deducted from debit bill #20250625-a5fc6e65-31,2025-08-06T21:07:12.782095
77,Silver,424.575,deduct,Stock deducted from debit bill #20250718-d49bb72e-31,2025-08-06T21:10:45.782846
78,Silver,1497.0,add,Stock added from credit bill #20250726-aa75529e-31,2025-08-06T21:12:38.988964
79,Silver,472.675,add,Stock added from return product credit bill #20250726-1bc036e4-31,2025-08-06T21:16:55.847635
80,Silver,1032.3,deduct,Stock deducted from debit bill #20250804-9c092f5d-31,2025-08-06T21:30:46.801833
81,Silver,1497.0,deduct,Stock adjustment for bill update #20250726-aa75529e-31,2025-08-06T21:45:16.654853
82,Silver,1497.0,add,Stock updated for bill #20250726-aa75529e-31,2025-08-06T21:45:16.676763
83,Silver,2892.0,add,Stock added from credit bill #20250807-61fe0c5f-28,2025-08-07T03:33:30.057759
84,Silver,2797.0,add,Stock added from credit bill #20250807-2f951864-8,2025-08-07T04:12:05.246180
85,Silver,1632.0,add,Stock added from credit bill #20250807-d009c520-18,2025-08-07T05:31:52.256194
86,Silver,1497.0,deduct,Stock adjustment for bill update #20250726-aa75529e-31,2025-08-07T05:38:00.224323
87,Silver,1497.0,add,Stock updated for bill #20250726-aa75529e-31,2025-08-07T05:38:00.224323
88,Silver,503.0,deduct,Stock adjustment for bill update #20250726-1bc036e4-31,2025-08-07T05:38:25.789700
89,Silver,503.335,add,Stock updated for bill #20250726-1bc036e4-31,2025-08-07T05:38:25.800787
90,Silver,1416.0,add,Stock added from credit bill #20250807-ceab3fa3-9,2025-08-07T12:44:34.388532
91,Silver,160.95,deduct,Stock deducted from debit bill #20250807-529323f8-9,2025-08-07T12:45:59.155310
92,Silver,740.925,deduct,Stock deducted from debit bill #20250807-a3b26191-9,2025-08-07T12:46:30.996190
93,Silver,980.5,deduct,Stock deducted from debit bill #20250807-63dd3e5d-29,2025-08-07T12:47:32.424503
94,Silver,12119.0,deduct,Stock deducted from debit bill #20250807-92a85870-33,2025-08-08T04:19:55.974618
95,Silver,170.2,deduct,Stock deducted from debit bill #20250807-7d152780-25,2025-08-08T04:24:18.925048
96,Silver,140.16,deduct,Stock deducted from debit bill #20250807-cae7466b-26,2025-08-08T04:29:31.972619
97,Silver,198.875,deduct,Stock deducted from debit bill #20250807-9086ebc2-34,2025-08-08T04:33:55.735854
98,Silver,246.05,deduct,Stock deducted from debit bill #20250808-54af7c2f-6,2025-08-08T04:38:08.674074
99,Silver,1631.0,deduct,Stock deducted from debit bill #20250808-e8e19e43-35,2025-08-08T07:06:52.076701
100,Silver,2737.075,deduct,Stock deducted from debit bill #20250808-770a8551-16,2025-08-16T12:36:11.406554
101,Silver,671.0,add,Stock added from credit bill #20250808-9b41814e-16,2025-08-16T12:38:09.148519
102,Silver,654.0,add,Stock added from credit bill #20250808-faf1f213-16,2025-08-16T12:38:44.409020
103,Silver,691.9,deduct,Stock deducted from debit bill #20250811-f31a58d2-8,2025-08-16T12:40:16.692350
104,Silver,1862.025,deduct,Stock deducted from debit bill #20250811-25cb1696-9,2025-08-16T12:47:18.773577
105,Silver,123.025,deduct,Stock deducted from debit bill #20250811-56feba37-8,2025-08-16T12:48:11.983112
106,Silver,471.0,add,Stock added from credit bill #20250811-3b04276b-8,2025-08-16T12:49:02.375522
107,Silver,304.325,deduct,Stock deducted from debit bill #20250811-c3ffb171-6,2025-08-16T12:49:49.009295
108,Silver,520.775,deduct,Stock deducted from debit bill #20250811-8ceee870-9,2025-08-16T12:50:41.780854
109,Silver,812.15,deduct,Stock deducted from debit bill #20250811-7a6013be-1,2025-08-16T12:52:14.955089
110,Silver,131.35,deduct,Stock deducted from debit bill #20250812-5d25c3b4-1,2025-08-16T12:53:07.307994
111,Silver,1561.0,add,Stock added from credit bill #20250813-3556bad6-6,2025-08-16T12:54:03.301379
112,Silver,1369.0,add,Stock added from credit bill #20250813-8d795b4e-6,2025-08-16T12:54:43.236622
113,Silver,221.0,deduct,Stock deducted from debit bill #20250813-61c1857e-36,2025-08-16T12:56:25.654548
114,Silver,201.65,deduct,Stock deducted from debit bill #20250813-aee0c4ba-35,2025-08-16T12:58:19.474754
115,Silver,583.0,add,Stock added from credit bill #20250813-20c14e6a-35,2025-08-16T12:59:00.007991
116,Silver,1815.0,add,Stock added from credit bill #20250813-9c736b65-5,2025-08-16T13:00:32.647776
117,Silver,86.95,deduct,Stock deducted from debit bill #20250813-976bb36f-35,2025-08-16T13:01:10.617344
118,Silver,1012.0,deduct,Stock deducted from debit bill #20250813-e9e07dc1-6,2025-08-16T13:02:04.150339
119,Silver,2361.525,deduct,Stock deducted from debit bill #20250813-1ab1bcba-6,2025-08-16T13:02:50.581064
120,Silver,307.1,deduct,Stock deducted from debit bill #20250813-4da7183f-16,2025-08-16T13:03:36.281016
121,Silver,166.5,deduct,Stock deducted from debit bill #20250813-289fcb3b-6,2025-08-16T13:04:14.481037
122,Silver,2499.0,add,Stock added from credit bill #20250814-186f0203-37,2025-08-16T13:06:34.982078
123,Silver,1908.0,add,Stock added from credit bill #20250814-dd27146d-9,2025-08-16T13:07:14.196528
124,Silver,1393.05,deduct,Stock deducted from debit bill #20250814-02a23f09-9,2025-08-16T13:07:50.308331
125,Silver,450.66,deduct,Stock deducted from debit bill #20250814-fa55776c-8,2025-08-16T13:08:41.225536
126,Silver,242.35,deduct,Stock deducted from debit bill #20250815-c992567d-6,2025-08-16T13:09:41.240230
127,Silver,147.075,deduct,Stock deducted from debit bill #20250815-53ce4f2a-8,2025-08-16T13:10:28.154761
128,Silver,1573.0,add,Stock added from credit bill #20250815-2cb56a91-29,2025-08-16T13:11:03.927961
129,Silver,33.3,deduct,Stock deducted from debit bill #20250815-6439d0ba-6,2025-08-16T13:11:52.135728
130,Silver,117.475,deduct,Stock deducted from debit bill #20250815-80758bde-9,2025-08-16T13:12:31.084820
131,Silver,1078.0,add,Stock added from credit bill #20250816-3c6e60c5-16,2025-08-16T13:13:50.686868
132,Silver,479.15,deduct,Stock deducted from debit bill #20250815-472eae1d-3,2025-08-16T13:16:06.486186
133,Silver,1759.0,add,Stock added from credit bill #20250816-b2738872-3,2025-08-16T13:16:35.350630
134,Silver,2373.55,deduct,Stock deducted from debit bill #20250816-1e47f953-37,2025-08-16T14:27:29.216357
135,Silver,47.175,deduct,Stock deducted from debit bill #20250816-7dc39781-2,2025-08-16T15:18:32.180235
136,Silver,814.925,deduct,Stock deducted from debit bill #20250816-36919863-3,2025-08-16T15:19:13.030184
137,Silver,1196.025,deduct,Stock deducted from debit bill #20250807-2e8abecb-7,2025-08-17T18:00:00.263756
138,Silver,0.0,add,Stock added from credit bill #20250807-39cbd7c3-7,2025-08-17T18:01:14.224979
139,Silver,95.275,deduct,Stock deducted from debit bill #20250807-9b577074-14,2025-08-17T18:05:29.470998
140,Silver,4593.0,add,Stock added from credit bill #20250817-0f42e2fa-6,2025-08-17T18:15:20.568859
141,Silver,2102.525,deduct,Stock deducted from debit bill #20250817-053f03ad-5,2025-08-17T18:17:24.467073
142,Silver,37.925,deduct,Stock deducted from debit bill #20250817-acef64e5-6,2025-08-17T18:18:17.107292
143,Silver,3743.0,deduct,Stock deducted from debit bill #20250817-c8b6f12f-38,2025-08-17T18:20:35.077294
144,Silver,100.825,deduct,Stock deducted from debit bill #20250817-2f71baad-18,2025-08-17T18:21:26.734605
145,Silver,112.84,deduct,Stock deducted from debit bill #20250817-23b06ccd-18,2025-08-17T18:21:54.578812
146,Silver,364.45,deduct,Stock deducted from debit bill #20250817-cb5b885b-28,2025-08-17T18:22:27.584859
147,Silver,164.65,deduct,Stock deducted from debit bill #20250817-90b3cc4b-6,2025-08-17T18:23:04.687613
148,Silver,171.0,add,Stock added due to bill deletion #20250817-90b3cc4b-6,2025-08-21T06:30:10.696653
149,Silver,376.0,add,Stock added due to bill deletion #20250817-cb5b885b-28,2025-08-21T06:33:42.136381
150,Silver,117.0,add,Stock added due to bill deletion #20250817-23b06ccd-18,2025-08-21T06:38:17.102768
151,Silver,105.0,add,Stock added due to bill deletion #20250817-2f71baad-18,2025-08-21T06:47:53.493781
152,Silver,3743.0,add,Stock added due to bill deletion #20250817-c8b6f12f-38,2025-08-21T07:01:10.752830
153,Brass,10000.0,add,Stock added by Admin : ,2025-08-21T09:47:12.418946
154,Gold,20000.0,add,Stock added by Admin : ,2025-08-21T10:24:16.190254
155,Gold,20000.0,add,Stock added by Admin : ,2025-08-21T10:24:40.951740
156,Brass,2000.0,add,Stock added by Admin : ,2025-08-21T10:25:10.020037
157,Silver,39.0,add,Stock added due to bill deletion #20250817-acef64e5-6,2025-08-21T10:26:00.527800
158,Brass,3000.0,add,Stock added by Admin : ,2025-08-21T10:28:58.107900
159,Copper,10000.0,add,Stock added by Admin : ,2025-08-21T10:29:44.471738
160,Zinc,10000.0,add,Stock added by Admin : ,2025-08-21T10:31:21.317740
161,Silver,920.0,add,Stock added from return product credit bill #20250823-18677f8c-27,2025-08-23T17:13:36.687392
162,Gold,960.0,add,Stock added from credit bill #20250826-d813285a-9,2025-08-26T12:30:57.627839
163,Silver,970.0,add,Stock added from credit bill #20250826-bb494634-10,2025-08-26T12:32:55.991353
