id,description,amount,category,status,date,created_at,updated_at
1,Salary payment to Raghu,3000.0,Salary,paid,2025-06-16,2025-06-15T21:02:50.130671,2025-06-15T21:02:50.130671
2,Salary payment to Raghu,5000.0,Salary,paid,2025-06-20,2025-06-19T20:40:19.338538,2025-06-19T20:40:19.338538
3,Salary payment to Raju,1000.0,Salary,pending,2025-06-21,2025-06-20T20:24:54.530315,2025-06-20T20:24:54.530315
4,Employee Salary for Raghu - May/2026,4000.0,Salary,pending,2025-06-20,2025-06-20T20:26:44.346348,2025-06-20T20:26:44.346348
5,Employee Salary for Jay - April/2025,25000.0,Salary,pending,2025-06-20,2025-06-20T20:27:29.300472,2025-06-20T20:27:29.300472
