id,item_name,amount,transaction_type,description,created_at
1,Silver,1850.0,deduct,Stock deducted from debit bill #202506120001,2025-06-12T17:07:38.641706
2,Silver,1930.0,add,Stock added from credit bill #202506120002,2025-06-12T17:09:02.029688
3,Silver,1387.5,deduct,Stock deducted from debit bill #202506120003,2025-06-12T17:11:06.887605
4,Silver,554.2,deduct,Stock deducted from debit bill #202506120004,2025-06-12T18:26:40.895315
5,Silver,178.5,add,Stock added from credit bill #202506120005,2025-06-12T18:27:33.966396
6,Silver,178.5,deduct,Stock adjustment for bill update #202506120005,2025-06-12T18:28:22.551184
7,Silver,178.5,add,Stock updated for bill #202506120005,2025-06-12T18:28:22.562004
8,Silver,2090.5,deduct,Stock deducted from debit bill #202506120006,2025-06-12T18:29:23.758690
9,Silver,2960.0,add,Stock added from credit bill #202506120007,2025-06-12T18:30:13.093173
10,Silver,1000.0,deduct,Stock deducted from debit bill #202506160001,2025-06-15T21:04:29.622564
11,Brass,0.0,deduct,Stock deducted from debit bill #202506170001,2025-06-17T18:27:30.389339
12,Brass,0.0,add,Stock added from credit bill #202506170002,2025-06-17T18:33:34.974029
13,Brass,0.0,deduct,Stock adjustment for bill update #202506170002,2025-06-17T18:38:13.814480
14,Silver,4572.0,add,Stock updated for bill #202506170002,2025-06-17T18:38:13.835005
15,Silver,4572.0,deduct,Stock adjustment for bill update #202506170002,2025-06-17T18:38:55.391660
16,Silver,4572.0,add,Stock updated for bill #202506170002,2025-06-17T18:38:55.413668
17,Silver,1930.0,deduct,Stock adjustment for bill update #202506120002,2025-06-17T18:40:02.527215
18,Silver,1504.5,add,Stock updated for bill #202506120002,2025-06-17T18:40:02.550788
19,Silver,0.0,add,Stock added from credit bill #202506180001,2025-06-17T18:42:33.616891
20,Silver,0.0,deduct,Stock adjustment for bill update #202506180001,2025-06-17T19:15:01.122422
21,Silver,0.0,add,Stock updated for bill #202506180001,2025-06-17T19:15:01.138495
22,Silver,0.0,deduct,Stock adjustment for bill update #202506180001,2025-06-17T19:15:11.525630
23,Silver,0.0,add,Stock updated for bill #202506180001,2025-06-17T19:15:11.549996
24,Silver,0.0,deduct,Stock adjustment for bill update #202506180001,2025-06-17T19:15:20.396426
25,Silver,0.0,add,Stock updated for bill #202506180001,2025-06-17T19:15:20.421287
26,Silver,0.0,deduct,Stock adjustment for bill update #202506180001,2025-06-17T19:15:35.359777
27,Silver,0.0,add,Stock updated for bill #202506180001,2025-06-17T19:15:35.373136
28,Silver,0.0,deduct,Stock adjustment for bill update #202506180001,2025-06-17T19:16:31.661074
29,Silver,0.0,add,Stock updated for bill #202506180001,2025-06-17T19:16:31.687195
30,Silver,0.0,deduct,Stock adjustment for bill update #202506180001,2025-06-17T19:16:39.673258
31,Silver,0.0,add,Stock updated for bill #202506180001,2025-06-17T19:16:39.691408
32,Brass,0.0,add,Stock adjustment for bill update #202506170001,2025-06-17T19:17:13.090936
33,Brass,0.0,deduct,Stock updated for bill #202506170001,2025-06-17T19:17:13.104169
34,Brass,0.0,add,Stock adjustment for bill update #202506170001,2025-06-17T19:17:24.209102
35,Brass,0.0,deduct,Stock updated for bill #202506170001,2025-06-17T19:17:24.228414
36,Brass,0.0,add,Stock adjustment for bill update #202506170001,2025-06-17T19:17:58.760921
37,Brass,0.0,deduct,Stock updated for bill #202506170001,2025-06-17T19:17:58.778635
38,Brass,0.0,add,Stock adjustment for bill update #202506170001,2025-06-17T19:18:13.103891
39,Brass,0.0,deduct,Stock updated for bill #202506170001,2025-06-17T19:18:13.118004
40,Silver,900.0,deduct,Stock deducted from debit bill #202506200001,2025-06-19T20:16:59.570397
41,Brass,0.0,add,Stock adjustment for bill update #202506170001,2025-06-19T20:18:11.533739
42,Brass,0.0,deduct,Stock updated for bill #202506170001,2025-06-19T20:18:11.549707
43,Silver,0.0,add,Stock added from credit bill #202506200002,2025-06-20T08:20:40.384149
44,Silver,0.0,add,Stock added from credit bill #202506200003,2025-06-20T08:27:53.488912
45,Silver,0.0,deduct,Stock adjustment for bill update #202506200003,2025-06-20T08:33:14.802047
46,Silver,0.0,add,Stock updated for bill #202506200003,2025-06-20T08:33:14.814595
