id,item_name,amount,transaction_type,description,created_at
1,Silver,1770.2,add,Stock added from credit bill #202506110001,2025-06-11T17:08:47.677147
2,Silver,1770.0,deduct,Stock deducted from debit bill #202506110002,2025-06-11T17:09:50.512214
3,Silver,1770.0,add,Stock added due to bill deletion #202506110002,2025-06-11T17:11:05.191108
4,Silver,1770.2,deduct,Stock adjustment for bill update #202506110001,2025-06-11T17:11:53.813406
5,Silver,1770.0,add,Stock updated for bill #202506110001,2025-06-11T17:11:53.826282
6,Silver,1770.0,deduct,Stock deducted from debit bill #202506120001,2025-06-11T19:42:18.719809
