id,name,mobile,address,total_bills,created_at,updated_at
1,Sanjeev ji,9987084121,"Near Agastya Hospital, 11 no. bus stand, Benad Road, Jaipur",0,2025-08-04T19:36:24.560701,2025-08-05T20:19:33.888810
2,Kanti Ji Banipark,9950796957,"Banipark, Jaipur",0,2025-08-04T20:39:46.558493,2025-08-04T20:39:46.558493
3,Dinesh Ji Thelasar,8619216573,Jaipur,0,2025-08-04T20:45:56.607853,2025-08-04T20:45:56.607853
4,Pappu Ji Prajapat,9829719601,Jaipur,0,2025-08-04T20:54:06.013811,2025-08-04T20:54:06.013811
5,Sandeep Ji Jhotwara,6378667131,"Jhotwara, Jaipur",0,2025-08-04T20:58:56.555629,2025-08-05T20:06:01.310051
6,Rakesh Ji Dhadhariya,9799135927,"Near Navjyoti School, Shri Dev Nagar, Benad Road, Jaipur",0,2025-08-04T21:03:04.160165,2025-08-04T21:03:04.160165
7,Kishan ji Dhadhar,9649013954,Jaipur,0,2025-08-04T21:12:31.156818,2025-08-04T21:12:31.156818
8,Sonu Ji Swami,6367593651,Jaipur,0,2025-08-04T21:15:46.353525,2025-08-04T21:15:46.353525
9,Ramawatar Ji Jangir,9828600664,Jaipur,0,2025-08-04T21:18:51.954139,2025-08-04T21:18:51.954139
10,Mukesh Ji Jhotawara,9610269685,"Jhotwara, Jaipur",0,2025-08-04T21:22:18.563449,2025-08-05T20:13:10.710672
11,Suresh Ji Saini,7725943354,"Near 11 No. Bus Stand, Benad Road, Jaipur",0,2025-08-05T19:25:01.703209,2025-08-05T19:25:01.703209
12,Pokhar Ji Deepak Ji,8559880473,Jaipur,0,2025-08-05T19:30:50.195345,2025-08-05T19:30:50.195345
13,Sandeep Ji Bhaira,9166272077,Jaipur,0,2025-08-05T19:33:31.351496,2025-08-05T19:33:31.351496
14,Raju Ji Birodi,9829327081,"Shree Dev Nagar, Benad Road, Jaipur",0,2025-08-05T19:38:17.827588,2025-08-05T19:38:17.827588
15,Vikash Ji Prajapat,8058215811,Jaipur,0,2025-08-05T19:41:37.302759,2025-08-05T19:41:37.302759
16,Prakash Ji Jhotwara,7737433597,"Jhotwara, Jaipur",0,2025-08-05T19:44:17.832311,2025-08-05T19:44:17.832311
17,Laal Ji Gudda,9549324399,Jaipur,0,2025-08-05T19:48:50.396082,2025-08-05T19:48:50.396082
18,Sumer Ji Prajapat,9982116514,"Near 11 No. Bus Stand, Benad Road, Jaipur",0,2025-08-05T19:50:56.126118,2025-08-05T19:50:56.126118
19,Raja Ji Vijay Ji,"9983635952, 9828768027","Near Agastya Hospital, Benad Road, Jaipur",0,2025-08-05T19:54:18.710054,2025-08-05T19:54:18.710054
20,Vikram Ji Jhotwara,8562810037,"Jhotwara, Jaipur",0,2025-08-05T19:57:56.815459,2025-08-05T19:57:56.815459
21,Poonam Ji Prajapat,9799033076,"Near 11 No. Bus Stand, Benad Road, Jaipur",0,2025-08-05T20:00:43.562412,2025-08-05T20:00:43.562412
22,Ram Singh Ji,8290410889,Jaipur,0,2025-08-05T20:09:29.658441,2025-08-05T20:09:29.658441
23,Lokesh Ji Jangir,7976301160,Jaipur,0,2025-08-05T20:12:19.671102,2025-08-05T20:12:19.671102
24,Pawan Ji Pandit,8949544474,"Nadi ka Phatak, Benad Road, jaipur",0,2025-08-06T05:15:26.353149,2025-08-06T05:39:07.623822
25,Shankar Ji Poonia,9660511643,Jaipur,0,2025-08-06T10:07:34.798225,2025-08-06T10:07:34.798225
26,Ashlam Ji,8619945607,"Boring Road, Jhotwara, jaipur",0,2025-08-06T14:51:58.392813,2025-08-06T14:51:58.392813
27,Jhumar Ji Saini,8278647787,"Near Agstya Hospital, Benad Road, Jaipur",0,2025-08-06T17:06:56.981100,2025-08-06T17:06:56.981100
28,Manoj ji Moti Ka Bass,9664423804,Jaipur,0,2025-08-06T17:13:21.839454,2025-08-06T17:13:21.839454
29,Laal Ji Jhotwara,9799961409,"Jhotwara, Jaipur",8,2025-08-06T19:29:25.134588,2025-08-07T09:36:55.220456
30,Manoj Ji Nawalgarh,9887325871,"Near Navjyoti School, Shri Dev Nagar, Benad Road, Jaipur",0,2025-08-06T19:46:43.578358,2025-08-06T19:46:43.578358
31,Manoj Ji Mumbai,"9320916536, 8850101659",Mumbai,2,2025-08-06T20:28:41.624494,2025-08-06T20:36:17.709287
