id,description,amount,category,status,date,created_at,updated_at
1,Salary payment to Ashok Ji,4500.0,Salary,pending,2025-08-06,2025-08-06T07:23:41.935630,2025-08-06T07:23:41.935630
2,Salary payment to Ashok Ji,2000.0,Salary,pending,2025-08-06,2025-08-06T07:24:12.345503,2025-08-06T07:24:12.345503
3,Salary payment to Ashok Ji,56000.0,Salary,pending,2025-08-06,2025-08-06T07:24:26.751630,2025-08-06T07:24:26.751630
4,Salary payment to Ashok Ji,1500.0,Salary,pending,2025-08-06,2025-08-06T07:29:54.317438,2025-08-06T07:29:54.317438
5,Salary payment to Gopal Ji,20000.0,Salary,pending,2025-08-06,2025-08-06T07:33:11.495973,2025-08-06T07:33:11.495973
6,Salary payment to Gopal Ji,17500.0,Salary,pending,2025-08-06,2025-08-06T07:33:31.408127,2025-08-06T07:33:31.408127
7,Salary payment to Gopal Ji,16000.0,Salary,pending,2025-08-06,2025-08-06T07:33:46.359972,2025-08-06T07:33:46.359972
8,Salary payment to Ashok Ji,12000.0,Salary,pending,2025-08-06,2025-08-06T07:34:55.602640,2025-08-06T07:34:55.602640
9,Salary payment to Gopal Ji,500.0,Salary,pending,2025-08-06,2025-08-06T07:35:42.461241,2025-08-06T07:35:42.461241
10,Salary payment to Bhagwan Ji,2000.0,Salary,pending,2025-08-05,2025-08-10T20:59:20.551036,2025-08-10T20:59:20.551036
11,Salary payment to Bhagwan Ji,2000.0,Salary,pending,2025-08-15,2025-08-10T20:59:34.635956,2025-08-10T20:59:34.635956
12,Salary payment to Bhagwan Ji,500.0,Salary,pending,2025-08-10,2025-08-10T20:59:48.121317,2025-08-10T20:59:48.121317
13,Deducted payment for Employee ID 1 - ,-500.0,Employee Payment Reversal,pending,2025-08-10,2025-08-16T20:03:15.345264,2025-08-16T20:03:15.345264
14,Deducted payment for Employee ID 1 - ,-2000.0,Employee Payment Reversal,pending,2025-08-15,2025-08-16T20:03:17.669000,2025-08-16T20:03:17.669000
15,Deducted payment for Employee ID 1 - ,-2000.0,Employee Payment Reversal,pending,2025-08-05,2025-08-16T20:03:21.143865,2025-08-16T20:03:21.143865
