id,item_name,amount,transaction_type,description,created_at
1,Silver,276.0,deduct,Stock deducted from debit bill #20250630-5e852ea1-1,2025-08-04T19:36:24.576403
2,Silver,1060.05,deduct,Stock deducted from debit bill #20250801-d94423b8-1,2025-08-04T19:38:19.182794
3,Silver,1428.0,add,Stock added from credit bill #20250801-833af59e-1,2025-08-04T19:39:54.865426
4,Silver,212.0,deduct,Stock deducted from debit bill #20250803-f29c9f80-2,2025-08-04T20:39:46.561774
5,Silver,2871.0,deduct,Stock deducted from debit bill #20250804-2bbd31c9-3,2025-08-04T20:45:56.607853
6,Silver,1824.0,deduct,Stock deducted from debit bill #20250804-c3908771-4,2025-08-04T20:54:06.019163
7,Silver,354.0,deduct,Stock deducted from debit bill #20250804-a5275335-5,2025-08-04T20:58:56.563120
8,Silver,6373.0,deduct,Stock deducted from debit bill #20250804-ce8c8fd2-6,2025-08-04T21:03:04.160165
9,Silver,2799.0,deduct,Stock deducted from debit bill #20250804-9c5137c4-7,2025-08-04T21:12:31.156818
10,Silver,2587.0,deduct,Stock deducted from debit bill #20250804-5b82f107-8,2025-08-04T21:15:46.355535
11,Silver,1741.0,deduct,Stock deducted from debit bill #20250804-0b57d19d-9,2025-08-04T21:18:51.959938
12,Silver,46.0,add,Stock added from credit bill #20250804-d709352f-10,2025-08-04T21:22:18.563449
13,Silver,706.7,deduct,Stock deducted from debit bill #20250805-d37540c7-3,2025-08-05T19:07:03.087238
14,Silver,41.625,deduct,Stock deducted from debit bill #20250805-492d2a35-4,2025-08-05T19:08:35.491258
15,Silver,29.6,deduct,Stock deducted from debit bill #20250805-7fb3580c-6,2025-08-05T19:10:20.778011
16,Silver,3984.0,deduct,Stock deducted from debit bill #20250805-62ddd3b0-11,2025-08-05T19:25:01.709882
17,Silver,223.0,deduct,Stock deducted from debit bill #20250805-dbef82f1-12,2025-08-05T19:30:50.199887
18,Silver,857.0,deduct,Stock deducted from debit bill #20250805-e489ef47-13,2025-08-05T19:33:31.354515
19,Silver,2052.0,deduct,Stock deducted from debit bill #20250805-f78385ab-14,2025-08-05T19:38:17.831906
20,Silver,926.85,deduct,Stock deducted from debit bill #20250805-d63fc225-9,2025-08-05T19:40:19.899590
21,Silver,1061.0,add,Stock added from credit bill #20250805-26576cd1-16,2025-08-05T19:44:17.836404
22,Silver,0.0,deduct,Stock deducted from debit bill #20250805-bc30a6da-16,2025-08-05T19:45:54.207965
23,Silver,621.0,deduct,Stock deducted from debit bill #20250805-43319800-17,2025-08-05T19:48:50.398071
24,Silver,4357.0,deduct,Stock deducted from debit bill #20250805-769f3fde-18,2025-08-05T19:50:56.126118
25,Silver,121.0,deduct,Stock deducted from debit bill #20250805-8aa34b2e-19,2025-08-05T19:54:18.710054
26,Silver,17.0,add,Stock added from credit bill #20250805-0101acf0-20,2025-08-05T19:57:56.815459
27,Silver,200.0,add,Stock added from credit bill #20250803-0bdb3aca-21,2025-08-05T20:00:43.565009
28,Silver,1106.68,deduct,Stock deducted from debit bill #20250805-c032f005-21,2025-08-05T20:02:58.165788
29,Silver,58.275,deduct,Stock deducted from debit bill #20250805-0ddd0f81-21,2025-08-05T20:03:50.386037
30,Silver,0.0,deduct,Stock deducted from debit bill #20250805-8441fd2c-22,2025-08-05T20:09:29.658441
31,Silver,96.0,deduct,Stock deducted from debit bill #20250805-fca37d3d-23,2025-08-05T20:12:19.675122
32,Silver,580.0,deduct,Stock deducted from debit bill #20250805-82bd08a4-24,2025-08-06T05:15:26.366743
33,Silver,215.525,deduct,Stock deducted from debit bill #20250806-73b4f38a-12,2025-08-06T08:02:34.959091
34,Silver,94.35,deduct,Stock deducted from debit bill #20250731-69ee0e98-25,2025-08-06T10:07:34.810738
35,Silver,69.375,deduct,Stock deducted from debit bill #20250805-aa0c3e67-25,2025-08-06T10:08:44.963193
36,Silver,85.6,deduct,Stock deducted from debit bill #20250805-3b030732-25,2025-08-06T10:09:40.717163
37,Silver,316.35,deduct,Stock deducted from debit bill #20250806-1693f75f-10,2025-08-06T14:21:38.809314
38,Silver,21.275,deduct,Stock deducted from debit bill #20250806-020cee15-2,2025-08-06T14:43:51.174925
39,Silver,52.0,deduct,Stock deducted from debit bill #20250806-5edc6fd9-26,2025-08-06T14:51:58.394704
40,Silver,1287.0,deduct,Stock deducted from debit bill #20250806-5c477670-3,2025-08-06T17:00:54.312084
41,Silver,943.0,deduct,Stock deducted from debit bill #20250806-87f734d6-27,2025-08-06T17:06:56.989826
42,Silver,1786.0,deduct,Stock deducted from debit bill #20250802-f9d14eb4-28,2025-08-06T17:13:21.849799
43,Silver,1418.95,deduct,Stock deducted from debit bill #20250806-9f2e4daf-28,2025-08-06T17:14:10.165567
44,Silver,1886.0,add,Stock added from credit bill #20250806-1bc0c6b8-6,2025-08-06T17:17:00.802188
45,Silver,1210.0,deduct,Stock deducted from debit bill #20250716-e9ae0cf5-29,2025-08-06T19:29:25.146382
46,Silver,1248.0,add,Stock added from credit bill #20250717-dac3dbc8-29,2025-08-06T19:31:01.029274
47,Silver,228.475,deduct,Stock deducted from debit bill #20250719-6f157a1e-29,2025-08-06T19:32:09.047084
48,Silver,2771.0,add,Stock added from credit bill #20250801-b6a19d4b-29,2025-08-06T19:33:00.289878
49,Silver,27.75,deduct,Stock deducted from debit bill #20250801-012ff4dc-29,2025-08-06T19:34:11.039509
50,Silver,608.65,deduct,Stock deducted from debit bill #20250804-663738b9-29,2025-08-06T19:35:45.745826
51,Silver,2212.56,deduct,Stock deducted from debit bill #20250804-f9de4069-29,2025-08-06T19:38:39.006720
52,Silver,123.95,deduct,Stock deducted from debit bill #20250806-3be99b6a-29,2025-08-06T19:39:31.544799
53,Silver,302.475,deduct,Stock deducted from debit bill #20250326-65f614eb-30,2025-08-06T19:46:43.628830
54,Silver,190.55,deduct,Stock deducted from debit bill #20250327-d1bd88fa-30,2025-08-06T19:47:39.831926
55,Silver,76.775,deduct,Stock deducted from debit bill #20250327-b365cbb5-30,2025-08-06T19:48:30.373369
56,Silver,590.15,deduct,Stock deducted from debit bill #20250331-904d7ad6-30,2025-08-06T19:49:37.418268
57,Silver,535.575,deduct,Stock deducted from debit bill #20250403-a83a1d52-30,2025-08-06T19:50:42.358303
58,Silver,45.325,deduct,Stock deducted from debit bill #20250404-ca343827-30,2025-08-06T19:51:55.286322
59,Silver,1076.0,add,Stock added from credit bill #20250329-a6324452-30,2025-08-06T19:53:02.536919
60,Silver,122.1,deduct,Stock deducted from debit bill #20250430-2d613a8e-30,2025-08-06T19:57:48.102074
61,Silver,864.0,add,Stock added from credit bill #20250513-c4e3dd8d-30,2025-08-06T19:59:12.278853
62,Silver,475.45,deduct,Stock deducted from debit bill #20250604-098210e8-30,2025-08-06T20:00:25.768334
63,Silver,79.55,deduct,Stock deducted from debit bill #20250708-d263bbfa-30,2025-08-06T20:01:26.994142
64,Silver,184.075,deduct,Stock deducted from debit bill #20250805-fc193a95-30,2025-08-06T20:02:32.841562
65,Silver,710.4,deduct,Stock deducted from debit bill #20250621-47696a6a-31,2025-08-06T20:28:41.641044
66,Silver,3187.0,add,Stock added from credit bill #20250623-7ee141f8-31,2025-08-06T20:30:07.936416
67,Silver,622.525,deduct,Stock deducted from debit bill #20250625-8be1d037-31,2025-08-06T20:31:24.972732
68,Silver,741.0,add,Stock adjustment for bill update #20250621-47696a6a-31,2025-08-06T20:33:32.991889
69,Silver,741.12,deduct,Stock updated for bill #20250621-47696a6a-31,2025-08-06T20:33:33.006420
70,Silver,649.0,add,Stock adjustment for bill update #20250625-8be1d037-31,2025-08-06T20:34:25.132959
71,Silver,649.4449999999999,deduct,Stock updated for bill #20250625-8be1d037-31,2025-08-06T20:34:25.144318
72,Silver,741.12,add,Stock added due to bill deletion #20250621-47696a6a-31,2025-08-06T20:36:08.932960
73,Silver,649.4449999999999,add,Stock added due to bill deletion #20250625-8be1d037-31,2025-08-06T20:36:17.687894
74,Silver,710.4,deduct,Stock deducted from debit bill #20250621-8f2fda1b-31,2025-08-06T21:04:44.370959
75,Silver,622.525,deduct,Stock deducted from debit bill #20250625-2d97335b-31,2025-08-06T21:05:40.961589
76,Silver,3010.875,deduct,Stock deducted from debit bill #20250625-a5fc6e65-31,2025-08-06T21:07:12.782095
77,Silver,424.575,deduct,Stock deducted from debit bill #20250718-d49bb72e-31,2025-08-06T21:10:45.782846
78,Silver,1497.0,add,Stock added from credit bill #20250726-aa75529e-31,2025-08-06T21:12:38.988964
79,Silver,472.675,add,Stock added from return product credit bill #20250726-1bc036e4-31,2025-08-06T21:16:55.847635
80,Silver,1032.3,deduct,Stock deducted from debit bill #20250804-9c092f5d-31,2025-08-06T21:30:46.801833
81,Silver,1497.0,deduct,Stock adjustment for bill update #20250726-aa75529e-31,2025-08-06T21:45:16.654853
82,Silver,1497.0,add,Stock updated for bill #20250726-aa75529e-31,2025-08-06T21:45:16.676763
83,Silver,131.0,add,Stock added due to bill deletion #20250806-3be99b6a-29,2025-08-07T09:36:55.180778
84,Silver,1886.0,deduct,Stock adjustment for bill update #20250806-1bc0c6b8-6,2025-08-10T20:35:12.289247
85,Silver,1902.0,add,Stock updated for bill #20250806-1bc0c6b8-6,2025-08-10T20:35:12.306322
86,Silver,1465.0,add,Stock adjustment for bill update #20250806-9f2e4daf-28,2025-08-10T20:35:26.991979
87,Silver,1467.0,deduct,Stock updated for bill #20250806-9f2e4daf-28,2025-08-10T20:35:27.006973
88,Brass,2000.0,deduct,Stock deducted from debit bill #20250813-c70802fd-27,2025-08-13T12:28:46.565831
89,Brass,2000.0,add,Stock adjustment for bill update #20250813-c70802fd-27,2025-08-16T18:04:38.634364
90,Brass,2000.0,deduct,Stock updated for bill #20250813-c70802fd-27,2025-08-16T18:04:38.667220
91,Silver,1902.0,deduct,Stock adjustment for bill update #20250806-1bc0c6b8-6,2025-08-16T18:04:46.361764
92,Silver,1902.0,add,Stock updated for bill #20250806-1bc0c6b8-6,2025-08-16T18:04:46.379753
93,Silver,1902.0,deduct,Stock adjustment for bill update #20250806-1bc0c6b8-6,2025-08-16T18:05:00.360414
94,Silver,1902.0,add,Stock updated for bill #20250806-1bc0c6b8-6,2025-08-16T18:05:00.382585
95,Silver,1353.0,add,Stock adjustment for bill update #20250806-5c477670-3,2025-08-16T19:21:58.971886
96,Silver,1353.0,deduct,Stock updated for bill #20250806-5c477670-3,2025-08-16T19:21:58.989536
