id,description,amount,category,status,date,created_at,updated_at
1,Salary payment to Ashok Ji,4500.0,Salary,pending,2025-08-06,2025-08-06T07:23:41.935630,2025-08-06T07:23:41.935630
2,Salary payment to Ashok Ji,2000.0,Salary,pending,2025-08-06,2025-08-06T07:24:12.345503,2025-08-06T07:24:12.345503
3,Salary payment to Ashok Ji,56000.0,Salary,pending,2025-08-06,2025-08-06T07:24:26.751630,2025-08-06T07:24:26.751630
4,Salary payment to Ashok Ji,1500.0,Salary,pending,2025-08-06,2025-08-06T07:29:54.317438,2025-08-06T07:29:54.317438
5,Salary payment to Gopal Ji,20000.0,Salary,pending,2025-08-06,2025-08-06T07:33:11.495973,2025-08-06T07:33:11.495973
6,Salary payment to Gopal Ji,17500.0,Salary,pending,2025-08-06,2025-08-06T07:33:31.408127,2025-08-06T07:33:31.408127
7,Salary payment to Gopal Ji,16000.0,Salary,pending,2025-08-06,2025-08-06T07:33:46.359972,2025-08-06T07:33:46.359972
8,Salary payment to Ashok Ji,12000.0,Salary,pending,2025-08-06,2025-08-06T07:34:55.602640,2025-08-06T07:34:55.602640
9,Salary payment to Gopal Ji,500.0,Salary,pending,2025-08-06,2025-08-06T07:35:42.461241,2025-08-06T07:35:42.461241
10,Salary payment to Ashok Ji,65000.0,Salary,pending,2025-08-08,2025-08-08T04:56:12.351860,2025-08-08T04:56:12.351860
11,Salary payment to Ashok Ji,1000.0,Salary,pending,2025-08-04,2025-08-19T09:40:39.268070,2025-08-19T09:40:39.268070
12,Salary payment to Ashok Ji,5000.0,Salary,pending,2025-08-05,2025-08-19T11:24:57.929418,2025-08-19T11:24:57.929418
13,Deducted payment for Employee ID 4 - Paid by Phone Pay on 02-08-2025,-12000.0,Employee Payment Reversal,pending,2025-08-06,2025-08-19T11:25:07.970816,2025-08-19T11:25:07.970816
14,Furniture,1000.0,,pending,2025-08-19,2025-08-19T14:07:28.967261,2025-08-19T14:07:28.967261
